Referencia,Apartado,Página fuente,Tema,Acción,Páginas LMM
"Pezzuti, Parte I",1,5,Elementos de rítmica,"Conservado: figuras, silencios y equivalencias.",19: 1.5 · Figuras musicales y silencios; 20: 1.6 · Relaciones de duración
"Pezzuti, Parte I",2,6,Primeras células rítmicas,Conservado: práctica métrica inicial.,"33: 2.5 · Blancas, negras y silencios; 38: Taller A · Lectura rítmica y melódica"
"Pezzuti, Parte I",3,7,Figuras y silencios combinados,Conservado y ampliado con dictados.,26: Silencio de compás completo; 38: Taller A · Lectura rítmica y melódica
"Pezzuti, Parte I",4,8,Escala básica y preparación melódica,Escala en ambos sentidos; lección de 16 compases.,90: 5.1 · Escala mayor y grados tonales; 202: Lección 01 · Lectura conjunta en Do
"Pezzuti, Parte I",5,9,Lectura melódica inicial,Lecciones ampliadas.,204: Lección 02 · Blancas y dirección melódica; 206: Lección 03 · Organización ternaria
"Pezzuti, Parte I",6,10,Grados de Do mayor,Conservado y ampliado.,90: 5.1 · Escala mayor y grados tonales; 210: Lección 05 · Terceras preparadas
"Pezzuti, Parte I",7,11,Fórmulas rítmicas y pulso ternario,Conservado.,25: 2.2 · Cifra de compás y líneas divisorias; 38: Taller A · Lectura rítmica y melódica; 206: Lección 03 · Organización ternaria
"Pezzuti, Parte I",8,13,Fa mayor,"Escala, armadura y lección.",107: 6.6 · Fa mayor; 220: Lección 10 · Entonación en Fa mayor
"Pezzuti, Parte I",9,14,Lectura con acompañamiento y dos voces,Lectura simultánea ampliada.,187: 10.5 · Lectura simultánea y ejercicio final; 195: Lectura conjunta y signos de retorno · 1/3
"Pezzuti, Parte I",10,15,Alteración y dos voces,Ejemplos nuevos.,152: Entonación de alteraciones accidentales; 188: Coordinación de dos ritmos
"Pezzuti, Parte I",11,16,Sol mayor,Lección y armadura.,218: Lección 09 · Entonación en Sol mayor; 92: 5.3 · Orden de los sostenidos
"Pezzuti, Parte I",12,17,Práctica a dos voces,Añadida coordinación progresiva.,188: Coordinación de dos ritmos
"Pezzuti, Parte I",13,18,Compás y unidades,Añadido cuadro comparativo.,"27: 2.3 · Unidad de compás, tiempo y subdivisión; 28: Unidades métricas: cuadro comparativo"
"Pezzuti, Parte I",14,19,Compases con blanca como pulso,"Práctica adaptada por indicación editorial a 2/4, 3/4 y 4/4, con negra como pulso.",29: Lectura en 2/4: la negra como pulso; 30: Lectura en 3/4: la negra como pulso; 31: Lectura en 4/4: la negra como pulso
"Pezzuti, Parte I",15,22,Marcación del compás,Conservados diagramas de marcación.,34: 2.6 · Marcación del compás de 2/4; 35: 2.7 · Marcación del compás de 3/4; 36: 2.8 · Marcación del compás de 4/4
"Pezzuti, Parte I",16,23,Dictado y entonación a dos voces,Añadidos procedimiento y modelos.,88: Dictado rítmico y melódico; 250: Dictado 1: Valores básicos; 188: Coordinación de dos ritmos
"Pezzuti, Parte I",17,24,Dos voces en práctica,Añadido estudio completo de retorno.,195: Lectura conjunta y signos de retorno · 1/3
"Pezzuti, Parte I",18,25,"Intervalos melódicos, armónicos y compuestos",Añadida representación simultánea.,44: 3.3 · Número y especie de los intervalos; 60: Intervalos armónicos; 61: Intervalos compuestos
"Pezzuti, Parte I",19,26,La menor,Conservado.,94: 5.5 · Relativa menor: tres formas; 222: Lección 11 · La menor y sensible
"Pezzuti, Parte I",20,27,Terceras y cuartas,Añadida práctica específica.,53: Entonación de terceras mayores y menores; 55: Preparación de la cuarta justa
"Pezzuti, Parte I",21,28,"Ligaduras, puntillos y dictado de intervalos",Ampliados triple puntillo y dictados.,68: 4.2 · Puntillo y ligadura de prolongación; 69: Doble y triple puntillo: suma de duraciones; 252: Dictado 3: Ligadura y silencio
"Pezzuti, Parte I",22,29,Quintas y sextas,Añadida preparación en ambos sentidos.,56: Preparación de la quinta justa; 57: Preparación de la sexta mayor
"Pezzuti, Parte I",23,30,"Séptimas, octavas y resumen",Añadida preparación.,58: Preparación de la séptima mayor; 59: Preparación de la octava justa; 50: 3.9 · Séptimas y octavas
"Pezzuti, Parte I",24,31,Lectura a dos voces,Ampliada.,188: Coordinación de dos ritmos; 195: Lectura conjunta y signos de retorno · 1/3
"Pezzuti, Parte I",25,32,Fórmulas rítmicas con ligaduras,Ampliadas variantes.,68: 4.2 · Puntillo y ligadura de prolongación; 71: Síncopa y contratiempo en distintos niveles
"Pezzuti, Parte I",26,33,Dictados con figuras ligadas,Añadido modelo.,252: Dictado 3: Ligadura y silencio
"Pezzuti, Parte I",27,35,División de unidades,Añadido cuadro original con tres columnas.,28: Unidades métricas: cuadro comparativo
"Pezzuti, Parte I",28,36,Semicorcheas,Añadidas células y ampliado repertorio.,67: Semicorcheas: división y agrupación; 226: Lección 13 · Re mayor y dominante; 238: Lección 19 · Repeticiones y finales alternativos
"Pezzuti, Parte I",29,37,Dictado y lectura con semicorcheas,Añadidos modelos.,253: Dictado 4: Semicorcheas; 226: Lección 13 · Re mayor y dominante
"Pezzuti, Parte I",30,38,Puntillo simple,Conservado y aplicado.,68: 4.2 · Puntillo y ligadura de prolongación; 214: Lección 07 · Puntillo y compensación rítmica
"Pezzuti, Parte I",31,39,Mi menor natural,Añadida lectura que conserva la subtónica.,95: Lectura en Mi menor natural
"Pezzuti, Parte I",32,41,Alteraciones y tono,Conservadas correcciones del usuario.,41: 3.1 · Tono y semitono; 42: 3.2 · Alteraciones y equivalencia enarmónica; 43: Enarmonía y alteraciones dobles
"Pezzuti, Parte I",33,43,Clasificación interválica,Conservado y reforzado.,44: 3.3 · Número y especie de los intervalos; 45: 3.4 · Segundas; 50: 3.9 · Séptimas y octavas
"Pezzuti, Parte I",34,44,Segundas mayores y menores,Añadida serie ascendente y descendente.,51: Entonación de segundas mayores; 52: Entonación de segundas menores
"Pezzuti, Parte I",35,45,Entonación de alteraciones y referencia tonal,Añadidas diez células cromáticas y lectura tonal.,151: Entonación de alteraciones accidentales; 152: Entonación de alteraciones accidentales; 153: Entonación de alteraciones accidentales; 154: Referencias tonales y cambio de centro
"Pezzuti, Parte I",36,50,Ritmos combinados,Ampliados.,67: Semicorcheas: división y agrupación; 71: Síncopa y contratiempo en distintos niveles
"Pezzuti, Parte I",37,51,Lecciones a dos voces,Añadida coordinación y retorno.,188: Coordinación de dos ritmos; 189: Tres contra dos: subdivisiones simultáneas; 195: Lectura conjunta y signos de retorno · 1/3
"Pezzuti, Parte I",38,55,Tresillo: valores iguales y mixtos,Añadidas doce comparaciones.,79: Tresillos sobre la redonda; 80: Tresillos sobre la blanca; 81: Tresillos sobre la negra
"Pezzuti, Parte I",39,56,Aplicación rítmica del tresillo,Aplicación y dictado.,236: Lección 18 · Tresillos y quintillos; 254: Dictado 5: Tresillo y puntillo
"Pezzuti, Parte I",40,57,Clave de Fa y lectura progresiva,Añadidos mapa y tres estudios.,178: 10.1 · Clave de Fa en cuarta línea; 179: Clave de Fa: registro y líneas adicionales; 180: Lectura conjunta y terceras en clave de Fa; 181: Tresillos y alteraciones en clave de Fa; 182: Lectura con finales alternativos en clave de Fa
"Pezzuti, Parte I",41,64,Acento y síncopa larga y breve,Ampliados niveles métricos.,157: 8.2 · Acentos e intensidad puntual; 71: Síncopa y contratiempo en distintos niveles
"Pezzuti, Parte I",42,66,Síncopa breve y contratiempo,Añadidas variantes.,71: Síncopa y contratiempo en distintos niveles
"Pezzuti, Parte I",43,67,Especies de tercera,Añadidas disminuida y aumentada.,53: Entonación de terceras mayores y menores; 54: Terceras disminuidas y aumentadas
"Pezzuti, Parte I",44,68,Entonación de terceras,Añadida práctica.,53: Entonación de terceras mayores y menores; 54: Terceras disminuidas y aumentadas
"Pezzuti, Parte I",45,71,Dictados de terceras,Modelos escritos y práctica simultánea.,251: Dictado 2: Corcheas y terceras; 60: Intervalos armónicos
"Pezzuti, Parte I",46,72,Ritmos combinados y birritmia,Añadida coordinación de dos ritmos.,188: Coordinación de dos ritmos; 189: Tres contra dos: subdivisiones simultáneas
"Pezzuti, Parte I",47,74,Canto y ritmo simultáneos,Aplicación coordinada y tonal.,188: Coordinación de dos ritmos; 218: Lección 09 · Entonación en Sol mayor; 224: Lección 12 · Re menor y fraseo
"Pezzuti, Parte I",48,77,Recapitulación de segundas y terceras,Recapitulación distribuida.,51: Entonación de segundas mayores; 53: Entonación de terceras mayores y menores; 210: Lección 05 · Terceras preparadas
"Pezzuti, Parte I",49,79,Seisillo y doble tresillo,Añadidas comparación y aplicación.,83: Tresillos y seisillos en la lectura melódica; 84: Seisillo y doble tresillo: agrupación interna
"Pezzuti, Parte I",50,81,Lecciones de conjunto y navegación final,"Danza nueva de 16 compases y estudio nuevo a dos voces con casillas, segno y D.S. al Fine; no reproducción de los arreglos de la fuente.",191: Danza de cierre: acentuación cruzada · 1/4; 194: Danza de cierre: acentuación cruzada · 4/4; 195: Lectura conjunta y signos de retorno · 1/3; 197: Lectura conjunta y signos de retorno · 3/3
Segundo PDF aportado,,1-4,Notación y emisión vocal,Cobertura temática contrastada; conservar o ampliar con notación original de LMM.,"16: 1.2 · Pentagrama, líneas y espacios; 17: 1.3 · Clave de Sol y ubicación de las notas; 19: 1.5 · Figuras musicales y silencios; 201: Repertorio progresivo de solfeo y entonación"
Segundo PDF aportado,,5-8,Preparación de intervalos,Cobertura temática contrastada; conservar o ampliar con notación original de LMM.,53: Entonación de terceras mayores y menores; 55: Preparación de la cuarta justa; 59: Preparación de la octava justa
Segundo PDF aportado,,9-10,Aires y compases,Cobertura temática contrastada; conservar o ampliar con notación original de LMM.,158: 8.3 · Tempo y agógica; 29: Lectura en 2/4: la negra como pulso
Segundo PDF aportado,,11-12,Puntillo y síncopa,Cobertura temática contrastada; conservar o ampliar con notación original de LMM.,68: 4.2 · Puntillo y ligadura de prolongación; 71: Síncopa y contratiempo en distintos niveles
Segundo PDF aportado,,13-18,"Corchea, intervalos, alteraciones e indicadores",Cobertura temática contrastada; conservar o ampliar con notación original de LMM.,66: 4.1 · Corcheas y semicorcheas; 42: 3.2 · Alteraciones y equivalencia enarmónica; 156: 8.1 · Dinámica y matices
Segundo PDF aportado,,19-20,Tresillos y semicorcheas,Cobertura temática contrastada; conservar o ampliar con notación original de LMM.,81: Tresillos sobre la negra; 67: Semicorcheas: división y agrupación
Segundo PDF aportado,,21-24,Lectura progresiva y fusas,Cobertura temática contrastada; conservar o ampliar con notación original de LMM.,226: Lección 13 · Re mayor y dominante; 241: Lección 20 · Estudio de integración en Do · continuación; 19: 1.5 · Figuras musicales y silencios
Segundo PDF aportado,,25-27,Variantes rítmicas y transposición,Cobertura temática contrastada; conservar o ampliar con notación original de LMM.,"148: 7.2 · Lectura y escritura integradas; 78: 4.6 · Dosillo, tresillo y cuatrosillo"
Segundo PDF aportado,,28-30,Recapitulación y compás ternario,Cobertura temática contrastada; conservar o ampliar con notación original de LMM.,25: 2.2 · Cifra de compás y líneas divisorias; 206: Lección 03 · Organización ternaria
Segundo PDF aportado,,31-35,"Tonos, modos, compases y Sol mayor",Cobertura temática contrastada; conservar o ampliar con notación original de LMM.,94: 5.5 · Relativa menor: tres formas; 92: 5.3 · Orden de los sostenidos; 218: Lección 09 · Entonación en Sol mayor
Segundo PDF aportado,,36-40,Lectura en Fa y Mi menor,Cobertura temática contrastada; conservar o ampliar con notación original de LMM.,180: Lectura conjunta y terceras en clave de Fa; 181: Tresillos y alteraciones en clave de Fa; 95: Lectura en Mi menor natural
Segundo PDF aportado,,41-42,Doble puntillo y apoyatura,Cobertura temática contrastada; conservar o ampliar con notación original de LMM.,69: Doble y triple puntillo: suma de duraciones; 164: Apoyaturas y notas de adorno
Segundo PDF aportado,,43-46,Fa mayor y Re menor,Cobertura temática contrastada; conservar o ampliar con notación original de LMM.,220: Lección 10 · Entonación en Fa mayor; 224: Lección 12 · Re menor y fraseo
Segundo PDF aportado,,47-49,Mordentes y resolución escrita,Cobertura temática contrastada; conservar o ampliar con notación original de LMM.,165: Adornos: signo y realización elegida
Segundo PDF aportado,,50-54,"6/8, Re mayor y Sol menor",Cobertura temática contrastada; conservar o ampliar con notación original de LMM.,72: 4.4 · Compases simples y compuestos; 226: Lección 13 · Re mayor y dominante; 94: 5.5 · Relativa menor: tres formas
Segundo PDF aportado,,55-56,Si menor y grupetos,Cobertura temática contrastada; conservar o ampliar con notación original de LMM.,94: 5.5 · Relativa menor: tres formas; 165: Adornos: signo y realización elegida
Segundo PDF aportado,,57-58,6/4 y Si bemol mayor,Cobertura temática contrastada; conservar o ampliar con notación original de LMM.,74: Lectura en 6/4; 228: Lección 14 · Si bemol mayor y matices
Segundo PDF aportado,,59-60,Adornos y lectura expresiva,Cobertura temática contrastada; conservar o ampliar con notación original de LMM.,"165: Adornos: signo y realización elegida; 160: 8.5 · Fraseo, respiración y suspensión"
Segundo PDF aportado,,61-62,Sol menor y 12/8,Cobertura temática contrastada; conservar o ampliar con notación original de LMM.,94: 5.5 · Relativa menor: tres formas; 76: Lectura en 12/8
Segundo PDF aportado,,63-65,9/8 y recapitulación avanzada,Cobertura temática contrastada; conservar o ampliar con notación original de LMM.,75: Lectura en 9/8; 240: Lección 20 · Estudio de integración en Do
Segundo PDF aportado,,66-67,Procedimiento del dictado,Cobertura temática contrastada; conservar o ampliar con notación original de LMM.,88: Dictado rítmico y melódico; 250: Dictado 1: Valores básicos; 255: Dictado 6: Alteraciones accidentales
Segundo PDF aportado,,68,Clave de Do en primera línea,Cobertura temática contrastada; conservar o ampliar con notación original de LMM.,184: Clave de Do en primera línea
Segundo PDF aportado,,69-70,La mayor y continuidad de lectura,Cobertura temática contrastada; conservar o ampliar con notación original de LMM.,92: 5.3 · Orden de los sostenidos; 116: 6.12 · La mayor
